{
  "version": "2.0",
  "logging": {
    "applicationInsights": {
      "samplingSettings": {
        "isEnabled": true,
        "excludedTypes": "Request"
      }
    }
  },
  "extensionBundle": {
    "id": "Microsoft.Azure.Functions.ExtensionBundle",
    "version": "[4.*, 5.0.0)"
  },
  "extensions": {
    "http": {
      "routePrefix": "api",
      "maxConcurrentRequests": 100,
      "customHeaders": {
        "X-Content-Type-Options": "nosniff",
        "X-Frame-Options": "DENY"
      }
    },
    "queues": {
      "maxPollingInterval": "00:00:02",
      "visibilityTimeout": "00:05:00",
      "batchSize": 16,
      "maxDequeueCount": 3
    }
  }
}
