{
  "bindings": [
    {
      "authLevel": "anonymous",
      "type": "httpTrigger",
      "direction": "in",
      "name": "req",
      "methods": ["post"],
      "route": "signalr/negotiate"
    },
    {
      "type": "http",
      "direction": "out",
      "name": "res"
    },
    {
      "type": "signalRConnectionInfo",
      "name": "connectionInfo",
      "hubName": "modelHub",
      "connectionStringSetting": "AzureSignalRConnectionString",
      "direction": "in"
    }
  ]
}
